{"year_return": -35.36561319342789, "year_range": 102.11330511633045, "avg_monthly_range": 20.438844142358555, "max_dd": 49.298749422209745, "atr14_pct": 3.490715233619981}