{"bid": 10013683.0, "atr14": 345914.35714285716, "atr_pct": 3.4544168927941614, "vol20": 14.70034950291299, "trend20": -1.9737918920146535, "rsi14": 62.17664733641236, "ema200": 11006427.53565126, "support": 9393627.0, "resistance": 10774523.0, "ema50_h1": 9856773.44200001, "ema200_h1": 9781970.703777151}